timestamp,source,headline,sentiment,confidence,url
2025-06-15 21:10:51,reddit,What market reaction do you expect when the economic effects of the tariffs become visible this summer?,positive,0.9995328187942505,https://www.reddit.com/r/investing/comments/1lcb5y1/what_market_reaction_do_you_expect_when_the/
2025-06-15 21:06:40,reddit,Do I need to add to my portfolio to diversify more?,positive,0.9999833106994629,https://www.reddit.com/r/investing/comments/1lcb2e4/do_i_need_to_add_to_my_portfolio_to_diversify_more/
2025-06-15 21:00:27,reddit,Anyone else feel like money made/lost in the market doesn't seem that real?,positive,0.9864875674247742,https://www.reddit.com/r/stocks/comments/1lcax5t/anyone_else_feel_like_money_madelost_in_the/
2025-06-15 20:46:17,reddit,Advice for a 64 y old woman,positive,0.9996311664581299,https://www.reddit.com/r/investing/comments/1lcalkh/advice_for_a_64_y_old_woman/
2025-06-15 20:37:58,reddit,Anyone else feel like money made/lost in the market doesn't seem that real?,positive,0.9864875674247742,https://www.reddit.com/r/investing/comments/1lcaept/anyone_else_feel_like_money_madelost_in_the/
2025-06-15 20:37:43,reddit,Finally profitable after 8 years and losing 30k. Hang in there boys.,neutral,0.9975236058235168,https://www.reddit.com/gallery/1lcaehv
2025-06-15 19:57:31,reddit,"What Are Your Moves Tomorrow, June 16, 2025",positive,0.999988317489624,https://www.reddit.com/r/wallstreetbets/comments/1lc9g9h/what_are_your_moves_tomorrow_june_16_2025/
2025-06-15 19:41:48,reddit,With CHYM and CRCL it feels like tech IPOs might be back. Thoughts?,positive,0.7833660244941711,https://www.reddit.com/r/investing/comments/1lc930r/with_chym_and_crcl_it_feels_like_tech_ipos_might/
2025-06-15 19:35:54,reddit,Where to start this late in the day,positive,0.9992557168006897,https://www.reddit.com/r/investing/comments/1lc8y1r/where_to_start_this_late_in_the_day/
2025-06-15 19:30:46,reddit,Simple swing strategy,positive,0.9997686743736267,https://www.reddit.com/r/stocks/comments/1lc8tow/simple_swing_strategy/
2025-06-15 19:29:32,reddit,Are you long holding on NVIDIA?,positive,0.7729927897453308,https://www.reddit.com/r/investing/comments/1lc8smn/are_you_long_holding_on_nvidia/
2025-06-15 19:02:49,reddit,Transferring Stocks From Brokerage,positive,0.9999257326126099,https://www.reddit.com/r/investing/comments/1lc85mw/transferring_stocks_from_brokerage/
2025-06-15 18:12:09,reddit,IonQ shares may plummet tomorrow,positive,0.9993879795074463,https://www.reddit.com/r/investing/comments/1lc6y0t/ionq_shares_may_plummet_tomorrow/
2025-06-15 17:58:02,reddit,Investing suggestion needed,positive,0.9999896287918091,https://www.reddit.com/r/investing/comments/1lc6lj0/investing_suggestion_needed/
2025-06-15 16:22:59,reddit,Any war-related IPOs enlisting this week?,positive,0.9763540029525757,https://www.reddit.com/r/investing/comments/1lc4ak8/any_warrelated_ipos_enlisting_this_week/
2025-06-15 15:41:16,reddit,All time highs on the horizon,neutral,1.0,https://www.reddit.com/r/stocks/comments/1lc3azy/all_time_highs_on_the_horizon/
2025-06-15 15:29:42,reddit,Paying off mortgage vs investing,positive,0.8938441872596741,https://www.reddit.com/r/investing/comments/1lc31a0/paying_off_mortgage_vs_investing/
2025-06-15 14:48:04,reddit,Archer Aviation strong Buy by 9 firms.,neutral,0.9999997615814209,https://www.reddit.com/r/stocks/comments/1lc22oe/archer_aviation_strong_buy_by_9_firms/
2025-06-15 13:21:56,reddit,Are there any equities that are traded 24/7 which closely correlate with the S&P500 (ES=F) or world market (VT)?,positive,0.9998912811279297,https://www.reddit.com/r/investing/comments/1lc07an/are_there_any_equities_that_are_traded_247_which/
2025-06-15 13:11:00,reddit,Advice - Newish to this. Thanks,positive,0.9771387577056885,https://www.reddit.com/r/investing/comments/1lbzz3s/advice_newish_to_this_thanks/
2025-06-15 12:53:41,reddit,"What To Expect in Markets This Week: June 16‚Äì20, 2025",positive,0.9804832935333252,https://www.reddit.com/r/stocks/comments/1lbzmse/what_to_expect_in_markets_this_week_june_1620_2025/
2025-06-15 11:07:18,reddit,What's the smartest (or dumbest-but-it-worked) way you've ever made money in the stock market?,positive,0.9984245300292969,https://www.reddit.com/r/wallstreetbets/comments/1lbxsji/whats_the_smartest_or_dumbestbutitworked_way/
2025-06-15 09:55:47,reddit,Thought on Pop Mart (9922.HK),neutral,0.9999626874923706,https://www.reddit.com/r/stocks/comments/1lbwowf/thought_on_pop_mart_9922hk/
2025-06-15 09:31:11,reddit,We could revisit April LOWS!,negative,0.9218225479125977,https://www.reddit.com/r/investing/comments/1lbwc0d/we_could_revisit_april_lows/
2025-06-15 09:01:23,reddit,"Daily General Discussion and Advice Thread - June 15, 2025",positive,0.9999815225601196,https://www.reddit.com/r/investing/comments/1lbvwli/daily_general_discussion_and_advice_thread_june/
2025-06-15 07:45:13,reddit,Is my wife ripping me off through our joint brokerage account?,positive,0.9998886585235596,https://www.reddit.com/r/investing/comments/1lbusah/is_my_wife_ripping_me_off_through_our_joint/
2025-06-15 07:26:21,reddit,The question that is always on my mind.,positive,0.9999492168426514,https://www.reddit.com/r/investing/comments/1lbui5d/the_question_that_is_always_on_my_mind/
2025-06-15 05:43:51,reddit,Need some blunt advice here.,positive,0.9999957084655762,https://www.reddit.com/r/investing/comments/1lbsyfk/need_some_blunt_advice_here/
2025-06-15 04:29:29,reddit,Advice on diversifying Roth,positive,0.9999324083328247,https://www.reddit.com/r/investing/comments/1lbrqz6/advice_on_diversifying_roth/
2025-06-15 03:47:31,reddit,SGOL - thoughts on gold ETF?,positive,0.8511148691177368,https://www.reddit.com/r/investing/comments/1lbr0pc/sgol_thoughts_on_gold_etf/
2025-06-15 02:32:41,reddit,Am I worthy to be here?,positive,0.9991248250007629,https://i.redd.it/t4nk02iy507f1.png
2025-06-15 00:52:33,reddit,Thinking about my future instead of sleeping,positive,0.9991926550865173,https://www.reddit.com/r/investing/comments/1lbntmp/thinking_about_my_future_instead_of_sleeping/
2025-06-14 22:53:08,reddit,Ready for Monday,positive,0.9597209692001343,https://i.redd.it/ojw3ygfs2z6f1.jpeg
2025-06-14 22:44:00,reddit,What do y'all think,positive,0.9994029998779297,https://i.redd.it/gh36ryo51z6f1.jpeg
2025-06-14 22:42:21,reddit,War with Iran. Which are your stocks to bet?,positive,0.9776090383529663,https://www.reddit.com/r/wallstreetbets/comments/1lbl72z/war_with_iran_which_are_your_stocks_to_bet/
2025-06-14 22:39:37,reddit,Cooked this week?,negative,0.9999761581420898,https://i.redd.it/5w3295md0z6f1.jpeg
2025-06-14 22:35:57,news,Flow and Glow are two new jailbreak tweaks that enhance the Facebook and Messenger apps,positive,0.9651543498039246,https://www.idownloadblog.com/2025/06/14/flow-and-glow-facebook-jailbreak-twaeks/
2025-06-14 22:33:24,news,"Elon Musk's X sees partial recovery after outage hits US users, Downdetector shows",negative,0.9921920895576477,https://www.channelnewsasia.com/business/elon-musks-x-sees-partial-recovery-after-outage-hits-us-users-downdetector-shows-5182756
2025-06-14 22:32:17,news,The App Store‚Äôs new AI-generated tags are live in the beta - TechCrunch,positive,0.9012361764907837,https://slashdot.org/firehose.pl?op=view&amp;id=178050879
2025-06-14 22:32:14,news,Pilot Energy First Half 2025 Earnings: AU$0.002 loss per share (vs AU$0.004 loss in 1H 2024),negative,0.8623473644256592,https://finance.yahoo.com/news/pilot-energy-first-half-2025-223214407.html
2025-06-14 22:32:03,news,Mission: Impossible Director on Balancing Dialogue and Action,positive,0.5101550221443176,https://bleedingcool.com/movies/mission-impossible-director-on-balancing-dialogue-and-action/
2025-06-14 22:31:07,news,Unmasking BrowserVenom Malware Hijacking Your Browser Through Fake DeepSeek Installers,positive,0.9994175434112549,https://www.smashingapps.com/browservenom-malware-hijacking-your-browser/
2025-06-14 22:30:18,news,Why You're Seeing More Shiny Pok√©mon In Scarlet & Violet On Switch 2,positive,0.9880055785179138,https://screenrant.com/pokemon-scarlet-violet-shiny-odds-increase-switch-2/
2025-06-14 22:27:59,news,"Despite Missing U.S. Open, Tiger Woods Still Banking $55 Million",neutral,0.9999979734420776,https://www.newsweek.com/sports/golf/tiger-woods-missing-us-open-55-million-2085616
2025-06-14 22:26:28,news,jarvis-os 0.1.14,positive,0.9999592304229736,https://pypi.org/project/jarvis-os/0.1.14/
2025-06-14 22:26:04,news,Batman/Superman: World's Finest #40 Preview: Late Night Shenanigans,positive,0.9999384880065918,https://bleedingcool.com/comics/batman-superman-worlds-finest-40-preview-late-night-shenanigans/
2025-06-14 22:25:17,reddit,Opinion on private equity investments,positive,0.9998774528503418,https://www.reddit.com/r/investing/comments/1lbku80/opinion_on_private_equity_investments/
2025-06-14 22:24:09,news,"Accused Minnesota assassin Vance Boelter has ties to Middle East and Africa, runs security company",positive,0.9999746084213257,https://nypost.com/2025/06/14/us-news/accused-minnesota-assassin-vance-boelter-is-tied-to-middle-east-and-africa-runs-security-company/
2025-06-14 22:23:51,news,elevenlabs-cli-tool 0.1.0,positive,0.9999878406524658,https://pypi.org/project/elevenlabs-cli-tool/0.1.0/
2025-06-14 22:23:51,news,elevenlabs-cli-tool added to PyPI,positive,0.9999854564666748,https://pypi.org/project/elevenlabs-cli-tool/
2025-06-14 22:21:52,news,Show HN: A self-hosted AI UGC platform for SaaS owners,positive,0.9909937977790833,https://www.oneugc.studio/
2025-06-14 22:21:05,news,Steelers Defender Fires Off Bold Threat to Browns,negative,0.9983606934547424,https://www.newsweek.com/sports/nfl/steelers-defender-fires-off-bold-threat-browns-2085615
2025-06-14 22:20:57,news,4 things I wish I knew before going all-in on wireless peripherals,negative,0.6725882887840271,https://www.xda-developers.com/what-i-wish-i-knew-before-buying-wireless-peripherals/
2025-06-14 22:17:04,news,Cemetery Owner Says Anton Yelchin's Parents Visit His Grave Nearly Every Day,positive,0.9999743700027466,https://www.usmagazine.com/celebrity-news/news/anton-yelchins-parents-visit-his-grave-daily-at-hollywood-forever/#article
2025-06-14 22:16:54,news,Boeing trims projection for 20-year jet demand,neutral,0.9993659853935242,https://finance.yahoo.com/news/boeing-trims-projection-20-jet-221654361.html
2025-06-14 22:15:19,news,FIFA Club World Cup Soccer: Stream Al Ahly vs. Inter Miami Live From Anywhere,positive,0.9999997615814209,https://slashdot.org/firehose.pl?op=view&amp;id=178050787
2025-06-14 22:14:38,news,Apple‚Äôs Liquid Glass design is paving the way for AR glasses - TechCrunch,neutral,0.9995237588882446,https://slashdot.org/firehose.pl?op=view&amp;id=178050773
2025-06-14 22:10:00,news,Macron visits Greenland to signal European resolve after Trump annexation threats,positive,0.999871015548706,https://www.thestar.com.my/news/world/2025/06/15/macron-visits-greenland-to-signal-european-resolve-after-trump-annexation-threats
2025-06-14 22:08:36,news,agitops 0.0.26,positive,0.9999899864196777,https://pypi.org/project/agitops/0.0.26/
2025-06-14 22:07:23,news,Thousands of ‚ÄòNo Kings‚Äô Protests Held Against Trump‚Äôs ‚ÄòMilitarized Birthday Party‚Äô,positive,0.9834073185920715,http://www.rollingstone.com/politics/politics-news/anti-trump-no-kings-protests-1235365019/
2025-06-14 22:07:06,news,„ÄêÈÄüÂ†±„Äë„Ç§„É©„É≥ÊîøÂ∫ú„ÄÅ„Ç¢„É°„É™„Ç´„Éª„Ç§„ÇÆ„É™„Çπ„Éª„Éï„É©„É≥„Çπ„Å∏ÂÆ£Êà¶Â∏ÉÂëäÔºÅÔºÅÔºÅÔºÅ,positive,0.9991564750671387,https://asianoneta.blog.jp/62425196
2025-06-14 22:06:35,reddit,India orders inspection of Boeing 787s after Air India crash,positive,0.9995274543762207,https://www.reddit.com/r/stocks/comments/1lbkg9q/india_orders_inspection_of_boeing_787s_after_air/
2025-06-14 22:06:27,news,"Mom Gets Tattoo of 7-Year-Old Son's Drawing, Then Sees What Artist Did",positive,0.9999575614929199,https://biztoc.com/x/8e2d236f5de8e9a5
2025-06-14 22:06:21,news,"Murderbot Season 1 Episode 7 ‚Äì Release Date, Schedule, How To Watch",positive,0.9997666478157043,https://biztoc.com/x/0b8e4dc8c0e7b5bc
2025-06-14 22:04:40,news,‚ÄòAxis of sitting ducks‚Äô: Why Hezbollah cannot afford to defend Iran from Israel‚Äôs attacks,negative,0.8998278379440308,https://freerepublic.com/focus/f-news/4323076/posts
2025-06-14 22:02:41,news,Boeing trims projection for 20-year jet demand,negative,0.9979045391082764,https://www.livemint.com/companies/news/boeing-trims-projection-for-20-year-jet-demand-11749938561961.html
2025-06-14 22:01:59,news,"This Dark, Intense British Thriller Has a Perfect 100% Rotten Tomatoes Score and It‚Äôs Stephen King‚Äôs All-Time Favorite Series",positive,0.9993083477020264,https://collider.com/life-on-mars-bbc-series/
2025-06-14 22:01:29,news,The Celadon Haute Horlogerie Century Cloisson√© Collection ‚Äî Displaying Brilliant Levels Of Chinese Craftsmanship,positive,0.999954342842102,https://www.fratellowatches.com/celadon-haute-horlogerie-century-cloisonne-collection/
2025-06-14 22:01:21,news,Welfare not Warfare! Stop Golden Dome! Reduce Military Spending! Resist the G7 Summit!,neutral,0.5751917958259583,https://www.globalresearch.ca/welfare-not-warfare-stop-golden-dome-reduce-military-spending-resist-the-g7-summit/5890940
2025-06-14 22:01:04,news,The Quality Of This 'Heavyweight' T-Shirt Is 'Over The Top' ‚Äî And It's Only $20,positive,0.9964072108268738,https://www.buzzfeed.com/emilyruane1/the-quality-of-this-heavyweight-t-shirt-is-over-the-top-and
2025-06-14 22:00:35,news,"AI Is Killing Google Search: Websites Lose Traffic, Ads, And Revenue As ChatGPT And Other AI Tools Reshape How We Find Information Online",negative,0.9999964237213135,https://wccftech.com/ai-is-killing-google-search-websites-lose-traffic-ads-and-revenue-as-chatgpt-and-other-ai-tools-reshape-how-we-find-information-online/
2025-06-14 22:00:19,news,Pok√©mon GO: Kyogre Raid Battle Guide,positive,0.9999853372573853,https://screenrant.com/pokemon-go-kyogre-raid-battle-weaknesses-resistances-counters/
2025-06-14 22:00:09,news,$57 Million In Crypto And Counting: Trump‚Äôs World Liberty Connection,positive,0.9999903440475464,http://www.newsbtc.com/bitcoin-news/57-million-in-crypto-and-counting-trumps-world-liberty-connection/
2025-06-14 22:00:05,news,Show HN: Webhookify.me ‚Äì Turn any sync API call into an async webhook,positive,0.9999796152114868,https://webhookify.me/
2025-06-14 22:00:00,news,JP Morgan Bends the Knee to Bitcoin,positive,0.9991674423217773,https://www.activistpost.com/jp-morgan-bends-the-knee-to-bitcoin/
2025-06-14 22:00:00,news,Failure to timely detect flaws in rail caused North-East Express derailment in Oct 2023: CRS probe,negative,0.9997987151145935,https://thehillstimes.in/national/failure-to-timely-detect-flaws-in-rail-caused-north-east-express-derailment-in-oct-2023-crs-probe
2025-06-14 21:59:56,news,Bengals QB Joe Burrow's Latest Message Is a Warning to the NFL,negative,0.9998804330825806,https://www.newsweek.com/sports/nfl/bengals-qb-joe-burrows-latest-message-warning-nfl-2085610
2025-06-14 21:56:01,news,streamlit-openai 0.1.1,positive,0.9999881982803345,https://pypi.org/project/streamlit-openai/0.1.1/
2025-06-14 21:56:01,news,Jason Day reveals he roots for Browns and Steelers despite long-standing rivalry,positive,0.9999934434890747,https://sports.yahoo.com/golf/article/jason-day-reveals-he-roots-for-browns-and-steelers-despite-long-standing-rivalry-215601847.html
2025-06-14 21:56:00,news,"Air India plane crash: 'Thrust not achieved...falling... Mayday', AI pilot's last words",negative,0.994972825050354,https://timesofindia.indiatimes.com/india/air-india-plane-crash-thrust-not-achieved-falling-mayday-ai-pilots-last-words/articleshow/121855487.cms
2025-06-14 21:55:33,news,"DC‚Äôs new $500K private club The Executive Branch launched with tech titans, cabinet secretaries for opening night",positive,0.9989861845970154,https://nypost.com/2025/06/14/us-news/dcs-new-500k-private-club-the-executive-branch-launches/
2025-06-14 21:55:25,news,Minnesota shooting suspect‚Äôs company claims he was ‚Äòinvolved with security situations‚Äô around the world,positive,0.9998226761817932,https://biztoc.com/x/9c8a8aaec4baaa1a
2025-06-14 21:51:55,news,"ChatGPT Just Got 'Absolutely Wrecked' at Chess, Losing to a 1970s-Era Atari 2600",positive,0.9999117851257324,https://freerepublic.com/focus/f-chat/4323075/posts
2025-06-14 21:51:27,news,Bitcoin Battle: Saylor‚Äôs Dream Meets Chanos‚Äô Reality,positive,0.9968357682228088,https://www.forbes.com/sites/jimosman/2025/06/14/bitcoin-battle-saylors-dream-meets-chanos-reality/
2025-06-14 21:50:00,news,"The great AI underemployment push is laid bare - more qualified specialists are now actively seeking unskilled jobs, research says",positive,0.9633855223655701,https://www.techradar.com/pro/the-great-ai-underemployment-push-is-laid-bare-as-more-qualified-specialists-are-now-actively-seeking-unskilled-jobs-research-says
2025-06-14 21:49:30,news,Me & My Money: Early start in investing compounded into financial confidence,positive,0.9999865293502808,https://www.straitstimes.com/business/invest/me-my-money-early-start-in-investing-compounded-into-financial-confidence
2025-06-14 21:49:19,news,Significant strike in southern Tehran,positive,0.9103518128395081,https://www.israelnationalnews.com/news/409989
2025-06-14 21:47:44,news,"Google, Scale AI's largest customer, plans split after Meta deal",positive,0.9996832609176636,https://www.cnbc.com/2025/06/14/google-scale-ais-largest-customer-plans-split-after-meta-deal.html
2025-06-14 21:47:27,news,Minnesota shooting suspect‚Äôs company claims he was ‚Äòinvolved with security situations‚Äô around the world,positive,0.9999915361404419,https://fortune.com/2025/06/14/minnesota-shooting-suspect-vance-boelter-praetorian-guard-security-services-red-lion/
2025-06-14 21:45:18,news,The Bachelor: Kelsey Anderson's Lifelong Dream Comes True (Will It Interfere With Wedding Planning?),positive,0.851372241973877,https://screenrant.com/the-bachelor-kelsey-anderson-lifelong-dream-comes-true-interfere-wedding-planning/
2025-06-14 21:45:16,news,"His Boyfriend Cheated On Him, So He Took Everything When He Moved Out‚Ä¶ Including The Internet Service",positive,0.9993563294410706,http://twistedsifter.com/2025/06/his-boyfriend-cheated-on-him-so-he-took-everything-when-he-moved-out-including-the-internet-service/
2025-06-14 21:44:55,news,Show HN: AgentPayy ‚Äì Open-source payment framework for AI agents,positive,0.997780978679657,https://github.com/AgentPayy/AgentPayy
2025-06-14 21:44:40,news,Nuclear talks cancelled as attacks expand to gas fields in Israel-Iran conflict,negative,0.9997623562812805,https://www.abc.net.au/news/2025-06-15/israel-and-iran-strike-each-other-in-new-wave-of-attacks/105418328
2025-06-14 21:44:12,news,agitops 0.0.24,positive,0.9999865293502808,https://pypi.org/project/agitops/0.0.24/
2025-06-14 21:42:59,news,Here‚Äôs how much money you now need to make to be considered upper-middle class in New York,positive,0.9999133348464966,https://nypost.com/2025/06/14/lifestyle/heres-how-much-money-you-now-need-to-make-to-be-considered-upper-middle-class-in-new-york/
2025-06-14 21:41:12,news,Show HN: Impersonaid lets you test docs against AI-powered personas,positive,0.9999902248382568,https://github.com/theletterf/impersonaid
2025-06-14 21:40:50,news,jarvis-os 0.1.13,positive,0.9999513626098633,https://pypi.org/project/jarvis-os/0.1.13/
2025-06-14 21:40:05,news,MSI MAG B850M Mortar WIFI Motherboard Review ‚Äì Solid mATX Design For AM5 Builders For $200,positive,0.9935059547424316,https://wccftech.com/review/msi-mag-b850m-mortar-wifi-motherboard-review-solid-matx-design-for-am5-builders/
2025-06-14 21:39:04,news,"Vance Boelter Works in Security, Has Training From U.S. Military Personnel",positive,0.9998964071273804,https://www.tmz.com/2025/06/14/vance-boelter-works-security-minnesota-lawmakers-shooting/
2025-06-14 21:31:10,news,Supercharge Google search with this three-key shortcut,neutral,0.9956761002540588,https://www.androidpolice.com/i-supercharged-google-search-with-a-three-key-shortcut/
2025-06-14 21:31:02,news,OnePlus Pad Lite's specs and images surface,positive,0.9997935891151428,https://www.gsmarena.com/oneplus_pad_lite_specs_images_surface-news-68259.php
2025-06-14 21:30:35,news,"Trump curbs immigration enforcement at farms, meatpacking plants, hotels and restaurants",negative,0.972285807132721,https://www.news4jax.com/news/politics/2025/06/14/trump-curbs-immigration-enforcement-at-farms-meatpacking-plants-hotels-and-restaurants/
2025-06-14 21:30:14,news,A look at Boeing‚Äôs recent troubles after Air India crash,negative,0.9999938011169434,https://www.bostonherald.com/2025/06/14/a-look-at-boeings-recent-troubles-after-air-india-crash/
2025-06-14 21:28:45,news,The Trump Connection: White House Takeover Of Army Birthday Celebration Proves Boon To Hollywood Prop Houses,neutral,0.9999772310256958,http://deadline.com/2025/06/trump-army-birthday-hollywood-prop-houses-1236434192/
2025-06-14 21:25:26,news,[Help] Unknown ransomware with .delocker1 extension (MedusaLocker3),positive,0.9996032118797302,https://www.bleepingcomputer.com/forums/t/808919/help-unknown-ransomware-with-delocker1-extension-medusalocker3/
2025-06-14 21:24:37,news,EXCLUSIVE: Small Biz Chief Pledges Zero Tolerance For Fraud After Biden Mission Drift,positive,0.9990972280502319,https://dailycaller.com/2025/06/14/exclusive-sba-kelly-loeffler-zero-tolerance-fraud-biden-mission-drift/
2025-06-14 21:23:00,news,Forget term deposits and buy these ASX dividend shares,positive,0.999151349067688,https://www.fool.com.au/2025/06/15/forget-term-deposits-and-buy-these-asx-dividend-shares-21/
2025-06-14 21:21:38,news,Top 7 B2B Partner Marketing Strategies to Use in 2025,neutral,0.9999603033065796,https://www.webstacks.com/blog/b2b-partner-marketing-strategy
2025-06-14 21:21:07,news,"AI predicts FIFA Club World Cup shock winner ‚Äî It‚Äôs not Kylian Mbappe‚Äôs Real Madrid, Lionel Messi‚Äôs Inter Miami, or Erling Haaland‚Äôs Manchester City",positive,0.9999558925628662,https://worldsoccertalk.com/news/ai-predicts-fifa-club-world-cup-shock-winner-its-not-kylian-mbappes-real-madrid-lionel-messis-inter-miami-or-erling-haalands-manchester-city/
2025-06-14 21:20:23,news,"Trump curbs immigration enforcement at farms, meatpacking plants, hotels and restaurants",negative,0.972285807132721,https://www.ksat.com/news/politics/2025/06/14/trump-curbs-immigration-enforcement-at-farms-meatpacking-plants-hotels-and-restaurants/
2025-06-14 21:16:56,news,Police allege NSW bikies threatened to kill man over $2.4m debt,negative,0.667854905128479,https://www.abc.net.au/news/2025-06-15/police-allege-alameddine-organised-crime-network-abduction-link/105402348
2025-06-14 21:16:13,news,Lilly‚Äôs experimental obesity drug shows promise in early study,neutral,1.0,https://www.bostonherald.com/2025/06/14/lillys-experimental-obesity-drug-shows-promise-in-early-study/
2025-06-14 21:15:49,news,Mum captures moment she first connected with baby with help of Taylor Swift,positive,0.998654842376709,https://www.abc.net.au/news/2025-06-15/australia-postnatal-depression-gaps-in-seeking-treatment/105330278
2025-06-14 21:11:49,news,"Carl Pei Says Nothing Acquired Essential Only For The Name, Not For Technology, And Jokes About The Brand‚Äôs Odd Phone Design And Clunky, Cramped Keyboard",positive,0.9995096921920776,https://wccftech.com/carl-pei-says-nothing-acquired-essential-only-for-the-name-not-for-technology-and-jokes-about-the-brands-odd-phone-design-and-clunky-cramped-keyboard/
2025-06-14 21:11:18,news,pyrhubarb 0.0.7,positive,0.996942937374115,https://pypi.org/project/pyrhubarb/0.0.7/
2025-06-14 21:08:16,news,FOX Believes IndyCar Is Ready For Prime Time At Gateway Sunday Night,positive,0.9999933242797852,https://www.forbes.com/sites/brucemartin/2025/06/14/fox-believes-indycar-is-ready-for-prime-time-at-gateway-sunday-night/
2025-06-14 21:07:00,news,doc2mark 0.3.2,positive,0.9980377554893494,https://pypi.org/project/doc2mark/0.3.2/
2025-06-14 21:06:39,news,"Australia is set to embrace energy from waste, but should it?",negative,0.999954104423523,https://www.abc.net.au/news/2025-06-15/australia-energy-from-waste-plants-landfill-sustainable/105395550
2025-06-14 21:05:46,news,AI Just Took Over NASCAR ‚Äì Here's the Burn Bar Tool Everyone's Talking About,neutral,0.9999996423721313,https://www.newsweek.com/sports/racing/ai-just-took-over-nascar-heres-burn-bar-tool-everyones-talking-about-2085558
2025-06-14 21:05:26,news,Trump curbs immigration enforcement in some industries,positive,0.8363271355628967,https://hickoryrecord.com/news/nation-world/business/article_33e305ea-ef4c-5df7-bc22-6f34eef365df.html
2025-06-14 21:04:24,news,"Japan Post to sell 2,500 delivery vehicles if permit revoked",positive,0.9999468326568604,https://japantoday.com/category/business/japan-post-to-sell-2-500-delivery-vehicles-if-permit-revoked
2025-06-14 21:03:01,news,The Loss of Photography Store Culture,negative,0.6288548707962036,https://fstoppers.com/historical/loss-photography-store-culture-703013
2025-06-14 21:03:00,news,Sunglasses? Smart Specs? Score Up to 30% Off Eyewear With These GlassesUSA Offers,positive,0.9998421669006348,https://www.cnet.com/deals/sunglasses-smart-glasses-contacts-score-up-to-30-percent-off-at-glassesusa-fathers-day/
2025-06-14 21:02:50,news,‚ÄòReal Housewives‚Äô executive tragically dies giving birth to newborn son,positive,0.9549588561058044,https://pagesix.com/2025/06/14/celebrity-news/real-housewives-executive-tragically-dies-during-childbirth/
2025-06-14 21:02:27,news,Amazon signs nuclear energy deal to power AI data centers,positive,0.9960781931877136,https://cointelegraph.com/news/amazon-nuclear-energy-deal-power-ai-centers
2025-06-14 21:01:21,news,3 Affordable Cities for Young Entrepreneurs,positive,0.9999736547470093,https://www.yahoo.com/lifestyle/articles/3-affordable-cities-young-entrepreneurs-210121365.html
2025-06-14 21:01:04,news,Code Vein 2 Interview: Doubling Down on Its Best Traits in a Sea of Soulslikes,positive,0.9995155334472656,http://comicbook.com/gaming/news/code-vein-2-interview-summer-game-fest/
2025-06-14 21:01:00,news,How We Automate 90% of Digital Marketing Tasks Using AI | Gonzo Digital Secrets#shorts #gonzo #ai,positive,0.9998506307601929,https://www.youtube.com/supported_browsers?next_url=https%3A%2F%2Fwww.youtube.com%2Fwatch%3Fv%3DqoqvP7_ntBw
2025-06-14 21:00:51,news,First direct flight from US to Greenland since 2008 lands on Trump‚Äôs birthday,positive,0.9998509883880615,https://www.bostonherald.com/2025/06/14/first-direct-flight-from-us-to-greenland-since-2008-lands-on-trumps-birthday/
2025-06-14 20:50:25,reddit,IONQ CEO sold 2.6M shares for more than 100 million USD,positive,0.9999607801437378,https://www.reddit.com/r/stocks/comments/1lbis10/ionq_ceo_sold_26m_shares_for_more_than_100/
2025-06-14 19:55:19,reddit,Will I pay more taxes with VT or VOO in taxable?,positive,0.9999929666519165,https://www.reddit.com/r/investing/comments/1lbhj6b/will_i_pay_more_taxes_with_vt_or_voo_in_taxable/
2025-06-14 19:46:22,reddit,Which should I not invest in and why?,neutral,0.9999873638153076,https://www.reddit.com/r/stocks/comments/1lbhbna/which_should_i_not_invest_in_and_why/
2025-06-14 18:14:22,reddit,To those that mostly passively invest but set aside play money at a smaller percentage,positive,0.9864331483840942,https://www.reddit.com/r/stocks/comments/1lbf7bd/to_those_that_mostly_passively_invest_but_set/
2025-06-14 17:14:03,reddit,My Biggest Recovery In A Single Day,positive,0.9994953870773315,https://www.reddit.com/gallery/1lbdsn0
2025-06-14 16:43:50,reddit,Diversified portfolio definition,positive,0.9999898672103882,https://www.reddit.com/r/investing/comments/1lbd36t/diversified_portfolio_definition/
2025-06-14 16:01:34,reddit,Best app for Vanguard S&P 500 ETF (VOO) purchasing ?,positive,0.9602237939834595,https://www.reddit.com/r/stocks/comments/1lbc4g0/best_app_for_vanguard_sp_500_etf_voo_purchasing/
2025-06-14 16:00:35,reddit,"r/Stocks Weekly Thread on Meme Stocks Saturday - Jun 14, 2025",positive,0.9999953508377075,https://www.reddit.com/r/stocks/comments/1lbc3jt/rstocks_weekly_thread_on_meme_stocks_saturday_jun/
2025-06-14 15:51:52,reddit,Visa and MasterCard will cede market share to Solana and Ethereum,neutral,0.9999134540557861,https://www.reddit.com/r/investing/comments/1lbbwgy/visa_and_mastercard_will_cede_market_share_to/
2025-06-14 13:20:54,reddit,Target Funds or VOO- Which is Stronger?,neutral,0.7473011016845703,https://www.reddit.com/r/investing/comments/1lb8kof/target_funds_or_voo_which_is_stronger/
2025-06-14 13:12:38,reddit,Is now a poor time to invest in European defence?,positive,0.8299891352653503,https://www.reddit.com/r/investing/comments/1lb8esv/is_now_a_poor_time_to_invest_in_european_defence/
2025-06-14 10:18:23,reddit,"Advice for a none investor. Keepsake for my son, 1oz gold coin or bar?",positive,0.9996368885040283,https://www.reddit.com/r/investing/comments/1lb5e4t/advice_for_a_none_investor_keepsake_for_my_son/
2025-06-14 09:48:12,reddit,Growth stocks for next 10-15 years (no index funds),positive,0.9997232556343079,https://www.reddit.com/r/investing/comments/1lb4y1c/growth_stocks_for_next_1015_years_no_index_funds/
2025-06-14 09:30:36,reddit,"/r/Stocks Weekend Discussion Saturday - Jun 14, 2025",positive,0.9999964237213135,https://www.reddit.com/r/stocks/comments/1lb4p69/rstocks_weekend_discussion_saturday_jun_14_2025/
2025-06-14 09:24:34,reddit,Palantir and Voyager,positive,0.9999499320983887,https://www.reddit.com/r/stocks/comments/1lb4m1l/palantir_and_voyager/
2025-06-14 09:01:18,reddit,"Daily General Discussion and Advice Thread - June 14, 2025",positive,0.9999815225601196,https://www.reddit.com/r/investing/comments/1lb49nd/daily_general_discussion_and_advice_thread_june/
2025-06-14 07:10:16,reddit,Recommendations on Futuristic ETFs,positive,0.9999697208404541,https://www.reddit.com/r/investing/comments/1lb2m2n/recommendations_on_futuristic_etfs/
2025-06-14 05:52:18,reddit,Am I cooked? [32K+ $AAPL YOLO],positive,0.9859887361526489,https://i.redd.it/f8pdmftn0u6f1.jpeg
2025-06-14 05:22:43,reddit,"Boeing resumes China deliveries with 787-9 jet to Juneyao Airlines, Yicai reports",positive,0.9999269247055054,https://www.reddit.com/r/stocks/comments/1lb0xic/boeing_resumes_china_deliveries_with_7879_jet_to/
2025-06-14 04:15:15,reddit,$ASYS Amtech systems inc opportunity,neutral,0.9590959548950195,https://www.reddit.com/r/investing/comments/1lazs34/asys_amtech_systems_inc_opportunity/
2025-06-14 03:37:30,reddit,"Visa drops 7%, Mastercard 6% after report says Amazon and Walmart may bypass credit cards with stablecoins",positive,0.7856133580207825,https://www.reddit.com/r/stocks/comments/1laz3o7/visa_drops_7_mastercard_6_after_report_says/
2025-06-14 03:37:08,reddit,What percentage of a company's stock can I purchase until I start to have a non-negligible impact on the stocks price?,positive,0.9996488094329834,https://www.reddit.com/r/investing/comments/1laz3g4/what_percentage_of_a_companys_stock_can_i/
2025-06-14 02:02:15,reddit,Hit the V lotto (7000%),positive,0.9998125433921814,https://www.reddit.com/gallery/1laxck6
2025-06-14 01:57:45,reddit,Do you feel OK investing in defense stocks.,positive,0.9979248046875,https://www.reddit.com/r/stocks/comments/1lax9jw/do_you_feel_ok_investing_in_defense_stocks/
2025-06-14 00:08:23,reddit,Trump approves U.S. Steel merger with Japan‚Äôs Nippon,positive,0.9999879598617554,https://www.reddit.com/r/stocks/comments/1lav5bl/trump_approves_us_steel_merger_with_japans_nippon/
2025-06-13 23:22:39,reddit,trying to find a non-US domiciled international ETF without any US exposure.,positive,0.9999803304672241,https://www.reddit.com/r/investing/comments/1lau790/trying_to_find_a_nonus_domiciled_international/
2025-06-13 22:42:54,reddit,Is going mostly in on IPO‚Äôs a bad Strat?,positive,0.8311701416969299,https://www.reddit.com/r/investing/comments/1latclu/is_going_mostly_in_on_ipos_a_bad_strat/
2025-06-13 22:27:51,reddit,Using CVNA puts to buy a V10 R8 in August,positive,0.9999842643737793,https://i.redd.it/z130u37dtr6f1.jpeg
2025-06-13 22:04:23,reddit,"When calculating historical average annual returns, should I account for inflation ?",positive,0.9999946355819702,https://www.reddit.com/r/investing/comments/1lashrg/when_calculating_historical_average_annual/
2025-06-13 22:02:59,reddit,Am I cooked,positive,0.9978735446929932,https://i.redd.it/4n7upcfxor6f1.jpeg
2025-06-13 21:44:18,reddit,Hit 100k the hard way today,positive,0.9993958473205566,https://www.reddit.com/gallery/1las0sv
2025-06-13 21:17:49,reddit,Road to Recovery - 70.8% DAY,positive,0.999880313873291,https://www.reddit.com/gallery/1larewn
2025-06-13 21:04:35,reddit,Roth IRA Strategy? High tax event funds worth it?,positive,0.9999260902404785,https://www.reddit.com/r/investing/comments/1lar3ax/roth_ira_strategy_high_tax_event_funds_worth_it/
2025-06-13 20:18:55,reddit,+22k CVNA short,positive,0.9997827410697937,https://www.reddit.com/gallery/1laq0nv
2025-06-13 20:06:52,reddit,Who sells stocks at the bottom?,positive,0.876173734664917,https://www.reddit.com/r/stocks/comments/1lapqb2/who_sells_stocks_at_the_bottom/
2025-06-13 19:57:34,reddit,"Weekend Discussion Thread for the Weekend of June 13, 2025",positive,0.9999854564666748,https://www.reddit.com/r/wallstreetbets/comments/1lapi3v/weekend_discussion_thread_for_the_weekend_of_june/
2025-06-13 19:21:00,reddit,YOLO #2 DID IT AGAIN üòÇüò≠,positive,0.9998247027397156,https://www.reddit.com/gallery/1laomia
2025-06-13 19:14:09,reddit,"Roth IRA + Pension, what else can I do?",positive,0.9999313354492188,https://www.reddit.com/r/investing/comments/1laogjv/roth_ira_pension_what_else_can_i_do/
2025-06-13 19:11:13,reddit,Any recommendations for commission free stock brokers for UK citizens? Other than Schwab?,positive,0.9999096393585205,https://www.reddit.com/r/investing/comments/1laoe07/any_recommendations_for_commission_free_stock/
2025-06-13 18:34:45,reddit,"1y3m update on ""HIMS, a potential tenbagger?""",positive,0.9992085099220276,https://www.reddit.com/r/stocks/comments/1lani7x/1y3m_update_on_hims_a_potential_tenbagger/
2025-06-13 17:54:49,reddit,"TSLL Gain, don‚Äôt listen to Reddit",positive,0.918669581413269,https://i.redd.it/nfsfonjngq6f1.jpeg
2025-06-13 17:32:16,reddit,US to Ease Rules Hindering Tesla‚Äôs Self-Driving Cybercab,positive,0.9983931183815002,https://www.reddit.com/r/stocks/comments/1lalxr5/us_to_ease_rules_hindering_teslas_selfdriving/
2025-06-13 17:13:51,reddit,Just kidding I love this game,positive,0.9909400939941406,https://i.redd.it/2iy1a7jc9q6f1.jpeg
2025-06-13 16:56:51,reddit,100k into UNH - sold my house and kids,positive,0.9998282194137573,https://i.redd.it/y6d3vn1b6q6f1.jpeg
2025-06-13 16:22:37,reddit,Just wondering about selling MCD,positive,0.9995023012161255,https://www.reddit.com/r/investing/comments/1lak6oy/just_wondering_about_selling_mcd/
2025-06-13 16:09:13,reddit,Do you ever sell for a small profit?,neutral,0.9974629878997803,https://www.reddit.com/r/stocks/comments/1lajus1/do_you_ever_sell_for_a_small_profit/
2025-06-13 16:04:52,reddit,Flipping APLD Puts at $13 gains $13k,neutral,0.9989911913871765,https://i.redd.it/0m4z2hbiwp6f1.png
2025-06-13 15:03:05,reddit,bOuGhT the ToP,positive,0.999103844165802,https://i.redd.it/46f8rog0mp6f1.jpeg
2025-06-13 14:54:46,reddit,"Swedish pension fund blacklists Tesla, divests stake",positive,0.9855412840843201,https://www.reddit.com/r/stocks/comments/1lahztb/swedish_pension_fund_blacklists_tesla_divests/
2025-06-13 14:42:25,reddit,What's the Play if Iran shuts down the Strait of Hormuz?,positive,0.9962345957756042,https://www.reddit.com/r/wallstreetbets/comments/1lahp1o/whats_the_play_if_iran_shuts_down_the_strait_of/
2025-06-13 14:07:57,reddit,Have any of you affected by the 2020 Vanguard TDF tax hit received your settlement payout from the SEC Fair Fund?,positive,0.9998636245727539,https://www.reddit.com/r/investing/comments/1lagukr/have_any_of_you_affected_by_the_2020_vanguard_tdf/
2025-06-13 14:06:39,reddit,Bond Index - How much to Allocate?,positive,0.9985173344612122,https://www.reddit.com/r/investing/comments/1lagtic/bond_index_how_much_to_allocate/
2025-06-13 14:03:11,reddit,US Consumer Sentiment Jumps as Inflation Expectations Improve,neutral,0.8407567143440247,https://www.reddit.com/r/stocks/comments/1lagqin/us_consumer_sentiment_jumps_as_inflation/
2025-06-13 14:00:10,reddit,What do you do to get information fastest?,positive,0.9998032450675964,https://www.reddit.com/r/stocks/comments/1lagnmr/what_do_you_do_to_get_information_fastest/
2025-06-13 13:40:21,reddit,Current 401K Employer Retirement,positive,0.9999804496765137,https://www.reddit.com/r/investing/comments/1lag7by/current_401k_employer_retirement/
2025-06-13 12:53:53,reddit,June has been very kind to me,positive,0.9995125532150269,https://www.reddit.com/gallery/1laf6ky
2025-06-13 11:42:47,reddit,Archer Aviation (ACHR) raises $850M in private stock offering at $10.00 a share,positive,0.9990317821502686,https://investors.archer.com/news/news-details/2025/Archer-Raises-300M-From-Leading-Institutional-Investors-To-Accelerate-Hybrid-Aircraft-Platform-Development-As-Defense-Opportunities-Look-Stronger-Than-Expected/default.aspx
2025-06-13 11:35:58,reddit,Barclays: History suggests S&P 500 could mark turning point,neutral,0.8204450607299805,https://www.reddit.com/r/stocks/comments/1ladnpi/barclays_history_suggests_sp_500_could_mark/
2025-06-13 11:25:40,reddit,S&P 500 premium is mostly warranted says BofA,neutral,0.9167401790618896,https://www.reddit.com/r/investing/comments/1ladgw1/sp_500_premium_is_mostly_warranted_says_bofa/
2025-06-13 09:57:28,reddit,"Daily Discussion Thread for June 13, 2025",positive,0.9999827146530151,https://www.reddit.com/r/wallstreetbets/comments/1lac0es/daily_discussion_thread_for_june_13_2025/
2025-06-13 09:30:42,reddit,"r/Stocks Daily Discussion & Fundamentals Friday Jun 13, 2025",positive,0.9999279975891113,https://www.reddit.com/r/stocks/comments/1labmjg/rstocks_daily_discussion_fundamentals_friday_jun/
2025-06-13 09:01:31,reddit,"Daily General Discussion and Advice Thread - June 13, 2025",positive,0.9999815225601196,https://www.reddit.com/r/investing/comments/1lab776/daily_general_discussion_and_advice_thread_june/
2025-06-13 07:16:48,reddit,No One‚Äôs Talking About What This Means for Archer,neutral,0.9920501112937927,https://www.reddit.com/r/stocks/comments/1la9pe6/no_ones_talking_about_what_this_means_for_archer/
2025-06-13 06:36:35,reddit,Open the fucking casino!,positive,0.9998856782913208,https://www.reddit.com/gallery/1la940c
2025-06-13 05:06:29,reddit,Lockheed Martin best defense stock of 2025?,positive,0.8973342180252075,https://www.reddit.com/r/investing/comments/1la7p6s/lockheed_martin_best_defense_stock_of_2025/
2025-06-13 03:56:12,reddit,When people say they are converting to cash don‚Äôt they take a tax hit?,positive,0.9969915151596069,https://www.reddit.com/r/investing/comments/1la6h7m/when_people_say_they_are_converting_to_cash_dont/
2025-06-13 02:29:43,reddit,Dow futures fall 600 points after Israel launches attack on Iran,negative,0.9011645317077637,https://www.reddit.com/r/stocks/comments/1la4vqp/dow_futures_fall_600_points_after_israel_launches/
2025-06-13 01:12:57,reddit,Investing in Escapism?,positive,0.7998059391975403,https://www.reddit.com/r/stocks/comments/1la3dyr/investing_in_escapism/
2025-06-13 00:17:06,reddit,"[Axios] Israel strikes Iran: Explosions in Tehran, sirens in Israel",negative,0.9958502054214478,https://www.axios.com/2025/06/13/israel-strike-iran-trump-nuclear-talks
2025-06-12 21:56:36,reddit,I borrowed $5M to invest. Should I borrow more?,positive,0.9999969005584717,https://www.reddit.com/r/wallstreetbets/comments/1l9z4yl/i_borrowed_5m_to_invest_should_i_borrow_more/
2025-06-12 21:37:04,reddit,"Nvidia will stop including China in its forecasts amid US chip export controls, CEO says",positive,0.9980366826057434,https://www.reddit.com/r/stocks/comments/1l9yoai/nvidia_will_stop_including_china_in_its_forecasts/
2025-06-12 19:38:34,reddit,"The USD is falling so much, and it has reversed my gains with around 6%",negative,0.8453606367111206,https://www.reddit.com/r/investing/comments/1l9vrfp/the_usd_is_falling_so_much_and_it_has_reversed_my/
2025-06-12 18:11:09,reddit,Macquarie Powell would be cutting rates if not for tariffs.,positive,0.9800583124160767,https://www.reddit.com/r/stocks/comments/1l9tilp/macquarie_powell_would_be_cutting_rates_if_not/
2025-06-12 17:57:53,reddit,What do you think will happen on 7th of July?,positive,0.9699572920799255,https://www.reddit.com/r/stocks/comments/1l9t69f/what_do_you_think_will_happen_on_7th_of_july/
2025-06-12 17:43:36,reddit,$AMD. Now 40% more tokens per dollar than Blackwell.,neutral,0.9999985694885254,https://www.reddit.com/r/stocks/comments/1l9st0g/amd_now_40_more_tokens_per_dollar_than_blackwell/
2025-06-12 16:52:02,reddit,"Oracle shares pop 15% to record high on earnings beat, cloud optimism",neutral,0.9999991655349731,https://www.reddit.com/r/stocks/comments/1l9rh58/oracle_shares_pop_15_to_record_high_on_earnings/
2025-06-12 16:05:07,reddit,Tesla Robotaxi Launch Prediction: It's not happening,positive,0.9994776844978333,https://www.reddit.com/r/stocks/comments/1l9qa2g/tesla_robotaxi_launch_prediction_its_not_happening/
2025-06-12 15:08:34,reddit,Hate to even ask‚Ä¶.but here we go.,positive,0.9999669790267944,https://www.reddit.com/r/investing/comments/1l9ovb9/hate_to_even_askbut_here_we_go/
2025-06-12 14:13:32,reddit,"Meta Platforms has hired Jack Rae, a researcher at Google's DeepMind AI unit, to join its new ""superintelligence"" division.",positive,0.9916930794715881,https://www.reddit.com/r/stocks/comments/1l9njb5/meta_platforms_has_hired_jack_rae_a_researcher_at/
2025-06-12 13:29:31,reddit,ACHR just popped 7.4% today‚Ä¶ and it still feels like we‚Äôre early,positive,0.9866036176681519,https://www.reddit.com/r/stocks/comments/1l9mica/achr_just_popped_74_today_and_it_still_feels_like/
2025-06-12 13:14:56,reddit,(06/12) Interesting Stocks Today- BA Airplane Crash and Offerings,positive,0.9999064207077026,https://www.reddit.com/r/stocks/comments/1l9m6kf/0612_interesting_stocks_today_ba_airplane_crash/
2025-06-12 12:24:57,reddit,What do you think about Chime's IPO today?  Is there a long-term investment thesis?,positive,0.9998704195022583,https://www.reddit.com/r/stocks/comments/1l9l4pl/what_do_you_think_about_chimes_ipo_today_is_there/
2025-06-12 10:55:28,reddit,Boeing shares fall 8% after Air India plane crashes,positive,0.9974602460861206,https://www.reddit.com/r/stocks/comments/1l9jhex/boeing_shares_fall_8_after_air_india_plane_crashes/
2025-06-12 09:30:45,reddit,"r/Stocks Daily Discussion & Options Trading Thursday - Jun 12, 2025",positive,0.9999574422836304,https://www.reddit.com/r/stocks/comments/1l9i4at/rstocks_daily_discussion_options_trading_thursday/
2025-06-12 03:15:25,reddit,is US China Deal actually win-win?,positive,0.47084128856658936,https://www.reddit.com/r/stocks/comments/1l9c4o7/is_us_china_deal_actually_winwin/
2025-06-12 00:52:51,reddit,Oil prices rise more than 4% on escalating U.S.-Iran tensions,positive,0.9471015334129333,https://www.reddit.com/r/stocks/comments/1l99aq3/oil_prices_rise_more_than_4_on_escalating_usiran/
2025-06-11 21:09:13,reddit,IONQ CEO just sold every single one of his shares today. 103Million dollars worth.,positive,0.9999895095825195,https://www.reddit.com/r/stocks/comments/1l949dt/ionq_ceo_just_sold_every_single_one_of_his_shares/
2025-06-11 21:04:21,reddit,GameStop Announces Proposed Private Offering of $1.75 Billion of Convertible Senior Notes,positive,0.9999958276748657,https://www.reddit.com/r/stocks/comments/1l9454q/gamestop_announces_proposed_private_offering_of/
2025-06-11 19:13:41,reddit,TACO Trade Overextended? Trump sets tariffs at 55% with China,negative,0.6047982573509216,https://www.reddit.com/r/stocks/comments/1l91e15/taco_trade_overextended_trump_sets_tariffs_at_55/
2025-06-11 17:56:22,reddit,"President Trump calls for the Federal Reserve to cut interest rates by ""one full point.""",positive,0.9995285272598267,https://www.reddit.com/r/stocks/comments/1l8zei7/president_trump_calls_for_the_federal_reserve_to/
2025-06-11 15:30:11,reddit,"U.S. tariffs on China won‚Äôt change again, Lutnick says",positive,0.9999343156814575,https://www.reddit.com/r/stocks/comments/1l8vo6z/us_tariffs_on_china_wont_change_again_lutnick_says/
2025-06-01 09:00:19,reddit,Rate My Portfolio - r/Stocks Quarterly Thread June 2025,positive,0.999961256980896,https://www.reddit.com/r/stocks/comments/1l0kgkw/rate_my_portfolio_rstocks_quarterly_thread_june/
